{"cameraMode":{"drawMode":0,"name":"Shaded","section":"Shading Mode"},"sceneLighting":false,"audioPlay":false,"sceneViewState":{"showFog":true,"showMaterialUpdate":false,"showSkybox":false,"showFlares":true,"showImageEffects":true,"showParticleSystems":true},"in2DMode":false,"pivot":{"x":1.6123104095458985,"y":1.551572322845459,"z":-4.530069828033447},"rotation":{"x":0.2438018023967743,"y":0.37129101157188418,"z":-0.1016535758972168,"w":0.8901862502098084},"size":13.758312225341797,"orthographic":false}